,title,duration,url
0,"
150 Strokes Test - 2
","
00:39:11
",https://bdsmstreak.com/video/61668/150-strokes-test-2
1,"
Moodpictures The Milgram Experiment
","
01:28:04
",https://bdsmstreak.com/video/61700/moodpictures-the-milgram-experiment
2,"
Cruel Mistresses
","
00:10:28
",https://bdsmstreak.com/video/61674/cruel-mistresses
3,"
Caning Domme
","
00:39:02
",https://bdsmstreak.com/video/61692/caning-domme
4,"
Mood Pictures Sado Maso
","
01:14:23
",https://bdsmstreak.com/video/61690/mood-pictures-sado-maso
5,"
Schoolgirl Yuka Gets Her Palms And Butt
","
01:00:06
",https://bdsmstreak.com/video/61697/schoolgirl-yuka-gets-her-palms-and-butt
6,"
Teen Alice
","
00:14:14
",https://bdsmstreak.com/video/61680/teen-alice
7,"
Wheel Of Pain Punishemnt
","
01:05:00
",https://bdsmstreak.com/video/61698/wheel-of-pain-punishemnt
8,"
Roman Era
","
01:03:37
",https://bdsmstreak.com/video/61684/roman-era
9,"
Cute Jap Slave Whipped Caned And Paddled
","
00:42:39
",https://bdsmstreak.com/video/61683/cute-jap-slave-whipped-caned-and-paddled
10,"
Blonde Babe Tied Up And
","
00:13:33
",https://bdsmstreak.com/video/61676/blonde-babe-tied-up-and
11,"
Miss Deelight And Mistress Wretched
","
00:14:19
",https://bdsmstreak.com/video/61699/miss-deelight-and-mistress-wretched
12,"
150 Strokes Test
","
00:22:15
",https://bdsmstreak.com/video/61675/150-strokes-test
13,"
Neophobia
","
01:16:30
",https://bdsmstreak.com/video/61667/neophobia
14,"
Lady Jenny
","
00:26:23
",https://bdsmstreak.com/video/61685/lady-jenny
15,"
Femdom Wetdream Team
","
00:12:30
",https://bdsmstreak.com/video/61694/femdom-wetdream-team
16,"
Chinese Babe Spanked And Whipped On The
","
01:01:07
",https://bdsmstreak.com/video/61672/chinese-babe-spanked-and-whipped-on-the
17,"
150 Strokes
","
00:28:48
",https://bdsmstreak.com/video/61682/150-strokes
18,"
Packing Up - Femdom
","
00:25:29
",https://bdsmstreak.com/video/61688/packing-up-femdom
19,"
Lesbian Slave Spank Punishment
","
00:52:10
",https://bdsmstreak.com/video/61673/lesbian-slave-spank-punishment
20,"
 Caned and Tortured Girl
","
01:05:18
",https://bdsmstreak.com/video/61696/caned-and-tortured-girl
21,"
Life In The Eliteclub Part 20
","
01:44:38
",https://bdsmstreak.com/video/61695/life-in-the-eliteclub-part-20
22,"
Stockholm Syndrome
","
01:28:22
",https://bdsmstreak.com/video/61669/stockholm-syndrome
23,"
Dressage
","
00:31:16
",https://bdsmstreak.com/video/61687/dressage
24,"
Lomp S Court Case
","
00:50:38
",https://bdsmstreak.com/video/61686/lomp-s-court-case
25,"
Dr Lomp Anette S Debute
","
00:16:27
",https://bdsmstreak.com/video/61678/dr-lomp-anette-s-debute
26,"
Graias Under Lomps
","
00:33:18
",https://bdsmstreak.com/video/61681/graias-under-lomps
27,"
Outdoors Discipline
","
00:42:57
",https://bdsmstreak.com/video/61670/outdoors-discipline
28,"
Blonde's Torture
","
01:36:46
",https://bdsmstreak.com/video/61679/blonde-s-torture
29,"
150 Strokes Test - 2
","
00:39:11
",https://bdsmstreak.com/video/61668/150-strokes-test-2
30,"
Moodpictures The Milgram Experiment
","
01:28:04
",https://bdsmstreak.com/video/61700/moodpictures-the-milgram-experiment
31,"
Cruel Mistresses
","
00:10:28
",https://bdsmstreak.com/video/61674/cruel-mistresses
32,"
Caning Domme
","
00:39:02
",https://bdsmstreak.com/video/61692/caning-domme
33,"
Mood Pictures Sado Maso
","
01:14:23
",https://bdsmstreak.com/video/61690/mood-pictures-sado-maso
34,"
Schoolgirl Yuka Gets Her Palms And Butt
","
01:00:06
",https://bdsmstreak.com/video/61697/schoolgirl-yuka-gets-her-palms-and-butt
35,"
Teen Alice
","
00:14:14
",https://bdsmstreak.com/video/61680/teen-alice
36,"
Wheel Of Pain Punishemnt
","
01:05:00
",https://bdsmstreak.com/video/61698/wheel-of-pain-punishemnt
37,"
Roman Era
","
01:03:37
",https://bdsmstreak.com/video/61684/roman-era
38,"
Cute Jap Slave Whipped Caned And Paddled
","
00:42:39
",https://bdsmstreak.com/video/61683/cute-jap-slave-whipped-caned-and-paddled
39,"
Blonde Babe Tied Up And
","
00:13:33
",https://bdsmstreak.com/video/61676/blonde-babe-tied-up-and
40,"
Miss Deelight And Mistress Wretched
","
00:14:19
",https://bdsmstreak.com/video/61699/miss-deelight-and-mistress-wretched
41,"
150 Strokes Test
","
00:22:15
",https://bdsmstreak.com/video/61675/150-strokes-test
42,"
Neophobia
","
01:16:30
",https://bdsmstreak.com/video/61667/neophobia
43,"
Lady Jenny
","
00:26:23
",https://bdsmstreak.com/video/61685/lady-jenny
44,"
Femdom Wetdream Team
","
00:12:30
",https://bdsmstreak.com/video/61694/femdom-wetdream-team
45,"
Chinese Babe Spanked And Whipped On The
","
01:01:07
",https://bdsmstreak.com/video/61672/chinese-babe-spanked-and-whipped-on-the
46,"
150 Strokes
","
00:28:48
",https://bdsmstreak.com/video/61682/150-strokes
47,"
Packing Up - Femdom
","
00:25:29
",https://bdsmstreak.com/video/61688/packing-up-femdom
48,"
Lesbian Slave Spank Punishment
","
00:52:10
",https://bdsmstreak.com/video/61673/lesbian-slave-spank-punishment
49,"
Caned and Tortured Girl
","
01:05:18
",https://bdsmstreak.com/video/61696/caned-and-tortured-girl
50,"
Life In The Eliteclub Part 20
","
01:44:38
",https://bdsmstreak.com/video/61695/life-in-the-eliteclub-part-20
51,"
Stockholm Syndrome
","
01:28:22
",https://bdsmstreak.com/video/61669/stockholm-syndrome
52,"
Dressage
","
00:31:16
",https://bdsmstreak.com/video/61687/dressage
53,"
Lomp S Court Case
","
00:50:38
",https://bdsmstreak.com/video/61686/lomp-s-court-case
54,"
Dr Lomp Anette S Debute
","
00:16:27
",https://bdsmstreak.com/video/61678/dr-lomp-anette-s-debute
55,"
Graias Under Lomps
","
00:33:18
",https://bdsmstreak.com/video/61681/graias-under-lomps
56,"
Outdoors Discipline
","
00:42:57
",https://bdsmstreak.com/video/61670/outdoors-discipline
57,"
Blonde's Torture
","
01:36:46
",https://bdsmstreak.com/video/61679/blonde-s-torture
58,"
150 Strokes Test - 2
","
00:39:11
",https://bdsmstreak.com/video/61668/150-strokes-test-2
59,"
Moodpictures The Milgram Experiment
","
01:28:04
",https://bdsmstreak.com/video/61700/moodpictures-the-milgram-experiment
60,"
Cruel Mistresses
","
00:10:28
",https://bdsmstreak.com/video/61674/cruel-mistresses
61,"
Caning Domme
","
00:39:02
",https://bdsmstreak.com/video/61692/caning-domme
62,"
Mood Pictures Sado Maso
","
01:14:23
",https://bdsmstreak.com/video/61690/mood-pictures-sado-maso
63,"
Schoolgirl Yuka Gets Her Palms And Butt
","
01:00:06
",https://bdsmstreak.com/video/61697/schoolgirl-yuka-gets-her-palms-and-butt
64,"
Teen Alice
","
00:14:14
",https://bdsmstreak.com/video/61680/teen-alice
65,"
Wheel Of Pain Punishemnt
","
01:05:00
",https://bdsmstreak.com/video/61698/wheel-of-pain-punishemnt
66,"
Roman Era
","
01:03:37
",https://bdsmstreak.com/video/61684/roman-era
67,"
Cute Jap Slave Whipped Caned And Paddled
","
00:42:39
",https://bdsmstreak.com/video/61683/cute-jap-slave-whipped-caned-and-paddled
68,"
Blonde Babe Tied Up And
","
00:13:33
",https://bdsmstreak.com/video/61676/blonde-babe-tied-up-and
69,"
Miss Deelight And Mistress Wretched
","
00:14:19
",https://bdsmstreak.com/video/61699/miss-deelight-and-mistress-wretched
70,"
150 Strokes Test
","
00:22:15
",https://bdsmstreak.com/video/61675/150-strokes-test
71,"
Neophobia
","
01:16:30
",https://bdsmstreak.com/video/61667/neophobia
72,"
Lady Jenny
","
00:26:23
",https://bdsmstreak.com/video/61685/lady-jenny
73,"
Femdom Wetdream Team
","
00:12:30
",https://bdsmstreak.com/video/61694/femdom-wetdream-team
74,"
Chinese Babe Spanked And Whipped On The
","
01:01:07
",https://bdsmstreak.com/video/61672/chinese-babe-spanked-and-whipped-on-the
75,"
150 Strokes
","
00:28:48
",https://bdsmstreak.com/video/61682/150-strokes
76,"
Packing Up - Femdom
","
00:25:29
",https://bdsmstreak.com/video/61688/packing-up-femdom
77,"
Lesbian Slave Spank Punishment
","
00:52:10
",https://bdsmstreak.com/video/61673/lesbian-slave-spank-punishment
78,"
 Caned and Tortured Girl
","
01:05:18
",https://bdsmstreak.com/video/61696/caned-and-tortured-girl
79,"
Life In The Eliteclub Part 20
","
01:44:38
",https://bdsmstreak.com/video/61695/life-in-the-eliteclub-part-20
80,"
Stockholm Syndrome
","
01:28:22
",https://bdsmstreak.com/video/61669/stockholm-syndrome
81,"
Dressage
","
00:31:16
",https://bdsmstreak.com/video/61687/dressage
82,"
Lomp S Court Case
","
00:50:38
",https://bdsmstreak.com/video/61686/lomp-s-court-case
83,"
Dr Lomp Anette S Debute
","
00:16:27
",https://bdsmstreak.com/video/61678/dr-lomp-anette-s-debute
84,"
Graias Under Lomps
","
00:33:18
",https://bdsmstreak.com/video/61681/graias-under-lomps
85,"
Outdoors Discipline
","
00:42:57
",https://bdsmstreak.com/video/61670/outdoors-discipline
86,"
Blonde's Torture
","
01:36:46
",https://bdsmstreak.com/video/61679/blonde-s-torture
87,"
150 Strokes Test - 2
","
00:39:11
",https://bdsmstreak.com/video/61668/150-strokes-test-2
88,"
Moodpictures The Milgram Experiment
","
01:28:04
",https://bdsmstreak.com/video/61700/moodpictures-the-milgram-experiment
89,"
Cruel Mistresses
","
00:10:28
",https://bdsmstreak.com/video/61674/cruel-mistresses
90,"
Caning Domme
","
00:39:02
",https://bdsmstreak.com/video/61692/caning-domme
91,"
Mood Pictures Sado Maso
","
01:14:23
",https://bdsmstreak.com/video/61690/mood-pictures-sado-maso
92,"
Schoolgirl Yuka Gets Her Palms And Butt
","
01:00:06
",https://bdsmstreak.com/video/61697/schoolgirl-yuka-gets-her-palms-and-butt
93,"
Teen Alice
","
00:14:14
",https://bdsmstreak.com/video/61680/teen-alice
94,"
Wheel Of Pain Punishemnt
","
01:05:00
",https://bdsmstreak.com/video/61698/wheel-of-pain-punishemnt
95,"
Roman Era
","
01:03:37
",https://bdsmstreak.com/video/61684/roman-era
96,"
Cute Jap Slave Whipped Caned And Paddled
","
00:42:39
",https://bdsmstreak.com/video/61683/cute-jap-slave-whipped-caned-and-paddled
97,"
Blonde Babe Tied Up And
","
00:13:33
",https://bdsmstreak.com/video/61676/blonde-babe-tied-up-and
98,"
Miss Deelight And Mistress Wretched
","
00:14:19
",https://bdsmstreak.com/video/61699/miss-deelight-and-mistress-wretched
99,"
150 Strokes Test
","
00:22:15
",https://bdsmstreak.com/video/61675/150-strokes-test
100,"
Neophobia
","
01:16:30
",https://bdsmstreak.com/video/61667/neophobia
101,"
Lady Jenny
","
00:26:23
",https://bdsmstreak.com/video/61685/lady-jenny
102,"
Femdom Wetdream Team
","
00:12:30
",https://bdsmstreak.com/video/61694/femdom-wetdream-team
103,"
Chinese Babe Spanked And Whipped On The
","
01:01:07
",https://bdsmstreak.com/video/61672/chinese-babe-spanked-and-whipped-on-the
104,"
150 Strokes
","
00:28:48
",https://bdsmstreak.com/video/61682/150-strokes
105,"
Packing Up - Femdom
","
00:25:29
",https://bdsmstreak.com/video/61688/packing-up-femdom
106,"
Lesbian Slave Spank Punishment
","
00:52:10
",https://bdsmstreak.com/video/61673/lesbian-slave-spank-punishment
107,"
 Caned and Tortured Girl
","
01:05:18
",https://bdsmstreak.com/video/61696/caned-and-tortured-girl
108,"
Life In The Eliteclub Part 20
","
01:44:38
",https://bdsmstreak.com/video/61695/life-in-the-eliteclub-part-20
109,"
Stockholm Syndrome
","
01:28:22
",https://bdsmstreak.com/video/61669/stockholm-syndrome
110,"
Dressage
","
00:31:16
",https://bdsmstreak.com/video/61687/dressage
111,"
Lomp S Court Case
","
00:50:38
",https://bdsmstreak.com/video/61686/lomp-s-court-case
112,"
Dr Lomp Anette S Debute
","
00:16:27
",https://bdsmstreak.com/video/61678/dr-lomp-anette-s-debute
113,"
Graias Under Lomps
","
00:33:18
",https://bdsmstreak.com/video/61681/graias-under-lomps
114,"
Outdoors Discipline
","
00:42:57
",https://bdsmstreak.com/video/61670/outdoors-discipline
115,"
Blonde's Torture
","
01:36:46
",https://bdsmstreak.com/video/61679/blonde-s-torture
116,"
150 Strokes Test - 2
","
00:39:11
",https://bdsmstreak.com/video/61668/150-strokes-test-2
117,"
Moodpictures The Milgram Experiment
","
01:28:04
",https://bdsmstreak.com/video/61700/moodpictures-the-milgram-experiment
118,"
Cruel Mistresses
","
00:10:28
",https://bdsmstreak.com/video/61674/cruel-mistresses
119,"
Caning Domme
","
00:39:02
",https://bdsmstreak.com/video/61692/caning-domme
120,"
Mood Pictures Sado Maso
","
01:14:23
",https://bdsmstreak.com/video/61690/mood-pictures-sado-maso
121,"
Schoolgirl Yuka Gets Her Palms And Butt
","
01:00:06
",https://bdsmstreak.com/video/61697/schoolgirl-yuka-gets-her-palms-and-butt
122,"
Teen Alice
","
00:14:14
",https://bdsmstreak.com/video/61680/teen-alice
123,"
Wheel Of Pain Punishemnt
","
01:05:00
",https://bdsmstreak.com/video/61698/wheel-of-pain-punishemnt
124,"
Roman Era
","
01:03:37
",https://bdsmstreak.com/video/61684/roman-era
125,"
Cute Jap Slave Whipped Caned And Paddled
","
00:42:39
",https://bdsmstreak.com/video/61683/cute-jap-slave-whipped-caned-and-paddled
126,"
Blonde Babe Tied Up And
","
00:13:33
",https://bdsmstreak.com/video/61676/blonde-babe-tied-up-and
127,"
Miss Deelight And Mistress Wretched
","
00:14:19
",https://bdsmstreak.com/video/61699/miss-deelight-and-mistress-wretched
128,"
150 Strokes Test
","
00:22:15
",https://bdsmstreak.com/video/61675/150-strokes-test
129,"
Neophobia
","
01:16:30
",https://bdsmstreak.com/video/61667/neophobia
130,"
Lady Jenny
","
00:26:23
",https://bdsmstreak.com/video/61685/lady-jenny
131,"
Femdom Wetdream Team
","
00:12:30
",https://bdsmstreak.com/video/61694/femdom-wetdream-team
132,"
Chinese Babe Spanked And Whipped On The
","
01:01:07
",https://bdsmstreak.com/video/61672/chinese-babe-spanked-and-whipped-on-the
133,"
150 Strokes
","
00:28:48
",https://bdsmstreak.com/video/61682/150-strokes
134,"
Packing Up - Femdom
","
00:25:29
",https://bdsmstreak.com/video/61688/packing-up-femdom
135,"
Lesbian Slave Spank Punishment
","
00:52:10
",https://bdsmstreak.com/video/61673/lesbian-slave-spank-punishment
136,"
Caned and Tortured Girl
","
01:05:18
",https://bdsmstreak.com/video/61696/caned-and-tortured-girl
137,"
Life In The Eliteclub Part 20
","
01:44:38
",https://bdsmstreak.com/video/61695/life-in-the-eliteclub-part-20
138,"
Stockholm Syndrome
","
01:28:22
",https://bdsmstreak.com/video/61669/stockholm-syndrome
139,"
Dressage
","
00:31:16
",https://bdsmstreak.com/video/61687/dressage
140,"
Lomp S Court Case
","
00:50:38
",https://bdsmstreak.com/video/61686/lomp-s-court-case
141,"
Dr Lomp Anette S Debute
","
00:16:27
",https://bdsmstreak.com/video/61678/dr-lomp-anette-s-debute
142,"
Graias Under Lomps
","
00:33:18
",https://bdsmstreak.com/video/61681/graias-under-lomps
143,"
Outdoors Discipline
","
00:42:57
",https://bdsmstreak.com/video/61670/outdoors-discipline
144,"
Blonde's Torture
","
01:36:46
",https://bdsmstreak.com/video/61679/blonde-s-torture
145,"
150 Strokes Test - 2
","
00:39:11
",https://bdsmstreak.com/video/61668/150-strokes-test-2
146,"
Moodpictures The Milgram Experiment
","
01:28:04
",https://bdsmstreak.com/video/61700/moodpictures-the-milgram-experiment
147,"
Cruel Mistresses
","
00:10:28
",https://bdsmstreak.com/video/61674/cruel-mistresses
148,"
Caning Domme
","
00:39:02
",https://bdsmstreak.com/video/61692/caning-domme
149,"
Mood Pictures Sado Maso
","
01:14:23
",https://bdsmstreak.com/video/61690/mood-pictures-sado-maso
150,"
Schoolgirl Yuka Gets Her Palms And Butt
","
01:00:06
",https://bdsmstreak.com/video/61697/schoolgirl-yuka-gets-her-palms-and-butt
151,"
Teen Alice
","
00:14:14
",https://bdsmstreak.com/video/61680/teen-alice
152,"
Wheel Of Pain Punishemnt
","
01:05:00
",https://bdsmstreak.com/video/61698/wheel-of-pain-punishemnt
153,"
Roman Era
","
01:03:37
",https://bdsmstreak.com/video/61684/roman-era
154,"
Cute Jap Slave Whipped Caned And Paddled
","
00:42:39
",https://bdsmstreak.com/video/61683/cute-jap-slave-whipped-caned-and-paddled
155,"
Blonde Babe Tied Up And
","
00:13:33
",https://bdsmstreak.com/video/61676/blonde-babe-tied-up-and
156,"
Miss Deelight And Mistress Wretched
","
00:14:19
",https://bdsmstreak.com/video/61699/miss-deelight-and-mistress-wretched
157,"
150 Strokes Test
","
00:22:15
",https://bdsmstreak.com/video/61675/150-strokes-test
158,"
Neophobia
","
01:16:30
",https://bdsmstreak.com/video/61667/neophobia
159,"
Lady Jenny
","
00:26:23
",https://bdsmstreak.com/video/61685/lady-jenny
160,"
Femdom Wetdream Team
","
00:12:30
",https://bdsmstreak.com/video/61694/femdom-wetdream-team
161,"
Chinese Babe Spanked And Whipped On The
","
01:01:07
",https://bdsmstreak.com/video/61672/chinese-babe-spanked-and-whipped-on-the
162,"
150 Strokes
","
00:28:48
",https://bdsmstreak.com/video/61682/150-strokes
163,"
Packing Up - Femdom
","
00:25:29
",https://bdsmstreak.com/video/61688/packing-up-femdom
164,"
Lesbian Slave Spank Punishment
","
00:52:10
",https://bdsmstreak.com/video/61673/lesbian-slave-spank-punishment
165,"
 Caned and Tortured Girl
","
01:05:18
",https://bdsmstreak.com/video/61696/caned-and-tortured-girl
166,"
Life In The Eliteclub Part 20
","
01:44:38
",https://bdsmstreak.com/video/61695/life-in-the-eliteclub-part-20
167,"
Stockholm Syndrome
","
01:28:22
",https://bdsmstreak.com/video/61669/stockholm-syndrome
168,"
Dressage
","
00:31:16
",https://bdsmstreak.com/video/61687/dressage
169,"
Lomp S Court Case
","
00:50:38
",https://bdsmstreak.com/video/61686/lomp-s-court-case
170,"
Dr Lomp Anette S Debute
","
00:16:27
",https://bdsmstreak.com/video/61678/dr-lomp-anette-s-debute
171,"
Graias Under Lomps
","
00:33:18
",https://bdsmstreak.com/video/61681/graias-under-lomps
172,"
Outdoors Discipline
","
00:42:57
",https://bdsmstreak.com/video/61670/outdoors-discipline
173,"
Blonde's Torture
","
01:36:46
",https://bdsmstreak.com/video/61679/blonde-s-torture
174,"
150 Strokes Test - 2
","
00:39:11
",https://bdsmstreak.com/video/61668/150-strokes-test-2
175,"
Moodpictures The Milgram Experiment
","
01:28:04
",https://bdsmstreak.com/video/61700/moodpictures-the-milgram-experiment
176,"
Cruel Mistresses
","
00:10:28
",https://bdsmstreak.com/video/61674/cruel-mistresses
177,"
Caning Domme
","
00:39:02
",https://bdsmstreak.com/video/61692/caning-domme
178,"
Mood Pictures Sado Maso
","
01:14:23
",https://bdsmstreak.com/video/61690/mood-pictures-sado-maso
179,"
Schoolgirl Yuka Gets Her Palms And Butt
","
01:00:06
",https://bdsmstreak.com/video/61697/schoolgirl-yuka-gets-her-palms-and-butt
180,"
Teen Alice
","
00:14:14
",https://bdsmstreak.com/video/61680/teen-alice
181,"
Wheel Of Pain Punishemnt
","
01:05:00
",https://bdsmstreak.com/video/61698/wheel-of-pain-punishemnt
182,"
Roman Era
","
01:03:37
",https://bdsmstreak.com/video/61684/roman-era
183,"
Cute Jap Slave Whipped Caned And Paddled
","
00:42:39
",https://bdsmstreak.com/video/61683/cute-jap-slave-whipped-caned-and-paddled
184,"
Blonde Babe Tied Up And
","
00:13:33
",https://bdsmstreak.com/video/61676/blonde-babe-tied-up-and
185,"
Miss Deelight And Mistress Wretched
","
00:14:19
",https://bdsmstreak.com/video/61699/miss-deelight-and-mistress-wretched
186,"
150 Strokes Test
","
00:22:15
",https://bdsmstreak.com/video/61675/150-strokes-test
187,"
Neophobia
","
01:16:30
",https://bdsmstreak.com/video/61667/neophobia
188,"
Lady Jenny
","
00:26:23
",https://bdsmstreak.com/video/61685/lady-jenny
189,"
Femdom Wetdream Team
","
00:12:30
",https://bdsmstreak.com/video/61694/femdom-wetdream-team
190,"
Chinese Babe Spanked And Whipped On The
","
01:01:07
",https://bdsmstreak.com/video/61672/chinese-babe-spanked-and-whipped-on-the
191,"
150 Strokes
","
00:28:48
",https://bdsmstreak.com/video/61682/150-strokes
192,"
Packing Up - Femdom
","
00:25:29
",https://bdsmstreak.com/video/61688/packing-up-femdom
193,"
Lesbian Slave Spank Punishment
","
00:52:10
",https://bdsmstreak.com/video/61673/lesbian-slave-spank-punishment
194,"
 Caned and Tortured Girl
","
01:05:18
",https://bdsmstreak.com/video/61696/caned-and-tortured-girl
195,"
Life In The Eliteclub Part 20
","
01:44:38
",https://bdsmstreak.com/video/61695/life-in-the-eliteclub-part-20
196,"
Stockholm Syndrome
","
01:28:22
",https://bdsmstreak.com/video/61669/stockholm-syndrome
197,"
Dressage
","
00:31:16
",https://bdsmstreak.com/video/61687/dressage
198,"
Lomp S Court Case
","
00:50:38
",https://bdsmstreak.com/video/61686/lomp-s-court-case
199,"
Dr Lomp Anette S Debute
","
00:16:27
",https://bdsmstreak.com/video/61678/dr-lomp-anette-s-debute
200,"
Graias Under Lomps
","
00:33:18
",https://bdsmstreak.com/video/61681/graias-under-lomps
201,"
Outdoors Discipline
","
00:42:57
",https://bdsmstreak.com/video/61670/outdoors-discipline
202,"
Blonde's Torture
","
01:36:46
",https://bdsmstreak.com/video/61679/blonde-s-torture
203,"
150 Strokes Test - 2
","
00:39:11
",https://bdsmstreak.com/video/61668/150-strokes-test-2
204,"
Moodpictures The Milgram Experiment
","
01:28:04
",https://bdsmstreak.com/video/61700/moodpictures-the-milgram-experiment
205,"
Cruel Mistresses
","
00:10:28
",https://bdsmstreak.com/video/61674/cruel-mistresses
206,"
Caning Domme
","
00:39:02
",https://bdsmstreak.com/video/61692/caning-domme
207,"
Mood Pictures Sado Maso
","
01:14:23
",https://bdsmstreak.com/video/61690/mood-pictures-sado-maso
208,"
Schoolgirl Yuka Gets Her Palms And Butt
","
01:00:06
",https://bdsmstreak.com/video/61697/schoolgirl-yuka-gets-her-palms-and-butt
209,"
Teen Alice
","
00:14:14
",https://bdsmstreak.com/video/61680/teen-alice
210,"
Wheel Of Pain Punishemnt
","
01:05:00
",https://bdsmstreak.com/video/61698/wheel-of-pain-punishemnt
211,"
Roman Era
","
01:03:37
",https://bdsmstreak.com/video/61684/roman-era
212,"
Cute Jap Slave Whipped Caned And Paddled
","
00:42:39
",https://bdsmstreak.com/video/61683/cute-jap-slave-whipped-caned-and-paddled
213,"
Blonde Babe Tied Up And
","
00:13:33
",https://bdsmstreak.com/video/61676/blonde-babe-tied-up-and
214,"
Miss Deelight And Mistress Wretched
","
00:14:19
",https://bdsmstreak.com/video/61699/miss-deelight-and-mistress-wretched
215,"
150 Strokes Test
","
00:22:15
",https://bdsmstreak.com/video/61675/150-strokes-test
216,"
Neophobia
","
01:16:30
",https://bdsmstreak.com/video/61667/neophobia
217,"
Lady Jenny
","
00:26:23
",https://bdsmstreak.com/video/61685/lady-jenny
218,"
Femdom Wetdream Team
","
00:12:30
",https://bdsmstreak.com/video/61694/femdom-wetdream-team
219,"
Chinese Babe Spanked And Whipped On The
","
01:01:07
",https://bdsmstreak.com/video/61672/chinese-babe-spanked-and-whipped-on-the
220,"
150 Strokes
","
00:28:48
",https://bdsmstreak.com/video/61682/150-strokes
221,"
Packing Up - Femdom
","
00:25:29
",https://bdsmstreak.com/video/61688/packing-up-femdom
222,"
Lesbian Slave Spank Punishment
","
00:52:10
",https://bdsmstreak.com/video/61673/lesbian-slave-spank-punishment
223,"
 Caned and Tortured Girl
","
01:05:18
",https://bdsmstreak.com/video/61696/caned-and-tortured-girl
224,"
Life In The Eliteclub Part 20
","
01:44:38
",https://bdsmstreak.com/video/61695/life-in-the-eliteclub-part-20
225,"
Stockholm Syndrome
","
01:28:22
",https://bdsmstreak.com/video/61669/stockholm-syndrome
226,"
Dressage
","
00:31:16
",https://bdsmstreak.com/video/61687/dressage
227,"
Lomp S Court Case
","
00:50:38
",https://bdsmstreak.com/video/61686/lomp-s-court-case
228,"
Dr Lomp Anette S Debute
","
00:16:27
",https://bdsmstreak.com/video/61678/dr-lomp-anette-s-debute
229,"
Graias Under Lomps
","
00:33:18
",https://bdsmstreak.com/video/61681/graias-under-lomps
230,"
Outdoors Discipline
","
00:42:57
",https://bdsmstreak.com/video/61670/outdoors-discipline
231,"
Blonde's Torture
","
01:36:46
",https://bdsmstreak.com/video/61679/blonde-s-torture
232,"
150 Strokes Test - 2
","
00:39:11
",https://bdsmstreak.com/video/61668/150-strokes-test-2
233,"
Moodpictures The Milgram Experiment
","
01:28:04
",https://bdsmstreak.com/video/61700/moodpictures-the-milgram-experiment
234,"
Cruel Mistresses
","
00:10:28
",https://bdsmstreak.com/video/61674/cruel-mistresses
235,"
Caning Domme
","
00:39:02
",https://bdsmstreak.com/video/61692/caning-domme
236,"
Mood Pictures Sado Maso
","
01:14:23
",https://bdsmstreak.com/video/61690/mood-pictures-sado-maso
237,"
Schoolgirl Yuka Gets Her Palms And Butt
","
01:00:06
",https://bdsmstreak.com/video/61697/schoolgirl-yuka-gets-her-palms-and-butt
238,"
Teen Alice
","
00:14:14
",https://bdsmstreak.com/video/61680/teen-alice
239,"
Wheel Of Pain Punishemnt
","
01:05:00
",https://bdsmstreak.com/video/61698/wheel-of-pain-punishemnt
240,"
Roman Era
","
01:03:37
",https://bdsmstreak.com/video/61684/roman-era
241,"
Cute Jap Slave Whipped Caned And Paddled
","
00:42:39
",https://bdsmstreak.com/video/61683/cute-jap-slave-whipped-caned-and-paddled
242,"
Blonde Babe Tied Up And
","
00:13:33
",https://bdsmstreak.com/video/61676/blonde-babe-tied-up-and
243,"
Miss Deelight And Mistress Wretched
","
00:14:19
",https://bdsmstreak.com/video/61699/miss-deelight-and-mistress-wretched
244,"
150 Strokes Test
","
00:22:15
",https://bdsmstreak.com/video/61675/150-strokes-test
245,"
Neophobia
","
01:16:30
",https://bdsmstreak.com/video/61667/neophobia
246,"
Lady Jenny
","
00:26:23
",https://bdsmstreak.com/video/61685/lady-jenny
247,"
Femdom Wetdream Team
","
00:12:30
",https://bdsmstreak.com/video/61694/femdom-wetdream-team
248,"
Chinese Babe Spanked And Whipped On The
","
01:01:07
",https://bdsmstreak.com/video/61672/chinese-babe-spanked-and-whipped-on-the
249,"
150 Strokes
","
00:28:48
",https://bdsmstreak.com/video/61682/150-strokes
250,"
Packing Up - Femdom
","
00:25:29
",https://bdsmstreak.com/video/61688/packing-up-femdom
251,"
Lesbian Slave Spank Punishment
","
00:52:10
",https://bdsmstreak.com/video/61673/lesbian-slave-spank-punishment
252,"
Caned and Tortured Girl
","
01:05:18
",https://bdsmstreak.com/video/61696/caned-and-tortured-girl
253,"
Life In The Eliteclub Part 20
","
01:44:38
",https://bdsmstreak.com/video/61695/life-in-the-eliteclub-part-20
254,"
Stockholm Syndrome
","
01:28:22
",https://bdsmstreak.com/video/61669/stockholm-syndrome
255,"
Dressage
","
00:31:16
",https://bdsmstreak.com/video/61687/dressage
256,"
Lomp S Court Case
","
00:50:38
",https://bdsmstreak.com/video/61686/lomp-s-court-case
257,"
 Dr Lomp Anette S Debute
","
00:16:27
",https://bdsmstreak.com/video/61678/dr-lomp-anette-s-debute
258,"
Graias Under Lomps
","
00:33:18
",https://bdsmstreak.com/video/61681/graias-under-lomps
259,"
Outdoors Discipline
","
00:42:57
",https://bdsmstreak.com/video/61670/outdoors-discipline
260,"
Blonde's Torture
","
01:36:46
",https://bdsmstreak.com/video/61679/blonde-s-torture
261,"
150 Strokes Test - 2
","
00:39:11
",https://bdsmstreak.com/video/61668/150-strokes-test-2
262,"
Moodpictures The Milgram Experiment
","
01:28:04
",https://bdsmstreak.com/video/61700/moodpictures-the-milgram-experiment
263,"
Cruel Mistresses
","
00:10:28
",https://bdsmstreak.com/video/61674/cruel-mistresses
264,"
Caning Domme
","
00:39:02
",https://bdsmstreak.com/video/61692/caning-domme
265,"
Mood Pictures Sado Maso
","
01:14:23
",https://bdsmstreak.com/video/61690/mood-pictures-sado-maso
266,"
Schoolgirl Yuka Gets Her Palms And Butt
","
01:00:06
",https://bdsmstreak.com/video/61697/schoolgirl-yuka-gets-her-palms-and-butt
267,"
Teen Alice
","
00:14:14
",https://bdsmstreak.com/video/61680/teen-alice
268,"
Wheel Of Pain Punishemnt
","
01:05:00
",https://bdsmstreak.com/video/61698/wheel-of-pain-punishemnt
269,"
Roman Era
","
01:03:37
",https://bdsmstreak.com/video/61684/roman-era
270,"
Cute Jap Slave Whipped Caned And Paddled
","
00:42:39
",https://bdsmstreak.com/video/61683/cute-jap-slave-whipped-caned-and-paddled
271,"
Blonde Babe Tied Up And
","
00:13:33
",https://bdsmstreak.com/video/61676/blonde-babe-tied-up-and
272,"
Miss Deelight And Mistress Wretched
","
00:14:19
",https://bdsmstreak.com/video/61699/miss-deelight-and-mistress-wretched
273,"
150 Strokes Test
","
00:22:15
",https://bdsmstreak.com/video/61675/150-strokes-test
274,"
Neophobia
","
01:16:30
",https://bdsmstreak.com/video/61667/neophobia
275,"
Lady Jenny
","
00:26:23
",https://bdsmstreak.com/video/61685/lady-jenny
276,"
Femdom Wetdream Team
","
00:12:30
",https://bdsmstreak.com/video/61694/femdom-wetdream-team
277,"
Chinese Babe Spanked And Whipped On The
","
01:01:07
",https://bdsmstreak.com/video/61672/chinese-babe-spanked-and-whipped-on-the
278,"
150 Strokes
","
00:28:48
",https://bdsmstreak.com/video/61682/150-strokes
279,"
Packing Up - Femdom
","
00:25:29
",https://bdsmstreak.com/video/61688/packing-up-femdom
280,"
Lesbian Slave Spank Punishment
","
00:52:10
",https://bdsmstreak.com/video/61673/lesbian-slave-spank-punishment
281,"
Caned and Tortured Girl
","
01:05:18
",https://bdsmstreak.com/video/61696/caned-and-tortured-girl
282,"
Life In The Eliteclub Part 20
","
01:44:38
",https://bdsmstreak.com/video/61695/life-in-the-eliteclub-part-20
283,"
Stockholm Syndrome
","
01:28:22
",https://bdsmstreak.com/video/61669/stockholm-syndrome
284,"
Dressage
","
00:31:16
",https://bdsmstreak.com/video/61687/dressage
285,"
Lomp S Court Case
","
00:50:38
",https://bdsmstreak.com/video/61686/lomp-s-court-case
286,"
Dr Lomp Anette S Debute
","
00:16:27
",https://bdsmstreak.com/video/61678/dr-lomp-anette-s-debute
287,"
Graias Under Lomps
","
00:33:18
",https://bdsmstreak.com/video/61681/graias-under-lomps
288,"
Outdoors Discipline
","
00:42:57
",https://bdsmstreak.com/video/61670/outdoors-discipline
289,"
Blonde's Torture
","
01:36:46
",https://bdsmstreak.com/video/61679/blonde-s-torture
290,"
150 Strokes Test - 2
","
00:39:11
",https://bdsmstreak.com/video/61668/150-strokes-test-2
291,"
Moodpictures The Milgram Experiment
","
01:28:04
",https://bdsmstreak.com/video/61700/moodpictures-the-milgram-experiment
292,"
Cruel Mistresses
","
00:10:28
",https://bdsmstreak.com/video/61674/cruel-mistresses
293,"
Caning Domme
","
00:39:02
",https://bdsmstreak.com/video/61692/caning-domme
294,"
Mood Pictures Sado Maso
","
01:14:23
",https://bdsmstreak.com/video/61690/mood-pictures-sado-maso
295,"
Schoolgirl Yuka Gets Her Palms And Butt
","
01:00:06
",https://bdsmstreak.com/video/61697/schoolgirl-yuka-gets-her-palms-and-butt
296,"
Teen Alice
","
00:14:14
",https://bdsmstreak.com/video/61680/teen-alice
297,"
Wheel Of Pain Punishemnt
","
01:05:00
",https://bdsmstreak.com/video/61698/wheel-of-pain-punishemnt
298,"
Roman Era
","
01:03:37
",https://bdsmstreak.com/video/61684/roman-era
299,"
Cute Jap Slave Whipped Caned And Paddled
","
00:42:39
",https://bdsmstreak.com/video/61683/cute-jap-slave-whipped-caned-and-paddled
300,"
Blonde Babe Tied Up And
","
00:13:33
",https://bdsmstreak.com/video/61676/blonde-babe-tied-up-and
301,"
Miss Deelight And Mistress Wretched
","
00:14:19
",https://bdsmstreak.com/video/61699/miss-deelight-and-mistress-wretched
302,"
150 Strokes Test
","
00:22:15
",https://bdsmstreak.com/video/61675/150-strokes-test
303,"
Neophobia
","
01:16:30
",https://bdsmstreak.com/video/61667/neophobia
304,"
Lady Jenny
","
00:26:23
",https://bdsmstreak.com/video/61685/lady-jenny
305,"
Femdom Wetdream Team
","
00:12:30
",https://bdsmstreak.com/video/61694/femdom-wetdream-team
306,"
Chinese Babe Spanked And Whipped On The
","
01:01:07
",https://bdsmstreak.com/video/61672/chinese-babe-spanked-and-whipped-on-the
307,"
150 Strokes
","
00:28:48
",https://bdsmstreak.com/video/61682/150-strokes
308,"
Packing Up - Femdom
","
00:25:29
",https://bdsmstreak.com/video/61688/packing-up-femdom
309,"
Lesbian Slave Spank Punishment
","
00:52:10
",https://bdsmstreak.com/video/61673/lesbian-slave-spank-punishment
310,"
 Caned and Tortured Girl
","
01:05:18
",https://bdsmstreak.com/video/61696/caned-and-tortured-girl
311,"
Life In The Eliteclub Part 20
","
01:44:38
",https://bdsmstreak.com/video/61695/life-in-the-eliteclub-part-20
312,"
Stockholm Syndrome
","
01:28:22
",https://bdsmstreak.com/video/61669/stockholm-syndrome
313,"
Dressage
","
00:31:16
",https://bdsmstreak.com/video/61687/dressage
314,"
Lomp S Court Case
","
00:50:38
",https://bdsmstreak.com/video/61686/lomp-s-court-case
315,"
Dr Lomp Anette S Debute
","
00:16:27
",https://bdsmstreak.com/video/61678/dr-lomp-anette-s-debute
316,"
Graias Under Lomps
","
00:33:18
",https://bdsmstreak.com/video/61681/graias-under-lomps
317,"
Outdoors Discipline
","
00:42:57
",https://bdsmstreak.com/video/61670/outdoors-discipline
318,"
Blonde's Torture
","
01:36:46
",https://bdsmstreak.com/video/61679/blonde-s-torture
319,"
150 Strokes Test - 2
","
00:39:11
",https://bdsmstreak.com/video/61668/150-strokes-test-2
320,"
Moodpictures The Milgram Experiment
","
01:28:04
",https://bdsmstreak.com/video/61700/moodpictures-the-milgram-experiment
321,"
Cruel Mistresses
","
00:10:28
",https://bdsmstreak.com/video/61674/cruel-mistresses
322,"
Caning Domme
","
00:39:02
",https://bdsmstreak.com/video/61692/caning-domme
323,"
Mood Pictures Sado Maso
","
01:14:23
",https://bdsmstreak.com/video/61690/mood-pictures-sado-maso
324,"
Schoolgirl Yuka Gets Her Palms And Butt
","
01:00:06
",https://bdsmstreak.com/video/61697/schoolgirl-yuka-gets-her-palms-and-butt
325,"
Teen Alice
","
00:14:14
",https://bdsmstreak.com/video/61680/teen-alice
326,"
Wheel Of Pain Punishemnt
","
01:05:00
",https://bdsmstreak.com/video/61698/wheel-of-pain-punishemnt
327,"
Roman Era
","
01:03:37
",https://bdsmstreak.com/video/61684/roman-era
328,"
Cute Jap Slave Whipped Caned And Paddled
","
00:42:39
",https://bdsmstreak.com/video/61683/cute-jap-slave-whipped-caned-and-paddled
329,"
Blonde Babe Tied Up And
","
00:13:33
",https://bdsmstreak.com/video/61676/blonde-babe-tied-up-and
330,"
Miss Deelight And Mistress Wretched
","
00:14:19
",https://bdsmstreak.com/video/61699/miss-deelight-and-mistress-wretched
331,"
150 Strokes Test
","
00:22:15
",https://bdsmstreak.com/video/61675/150-strokes-test
332,"
Neophobia
","
01:16:30
",https://bdsmstreak.com/video/61667/neophobia
333,"
Lady Jenny
","
00:26:23
",https://bdsmstreak.com/video/61685/lady-jenny
334,"
Femdom Wetdream Team
","
00:12:30
",https://bdsmstreak.com/video/61694/femdom-wetdream-team
335,"
Chinese Babe Spanked And Whipped On The
","
01:01:07
",https://bdsmstreak.com/video/61672/chinese-babe-spanked-and-whipped-on-the
336,"
150 Strokes
","
00:28:48
",https://bdsmstreak.com/video/61682/150-strokes
337,"
Packing Up - Femdom
","
00:25:29
",https://bdsmstreak.com/video/61688/packing-up-femdom
338,"
Lesbian Slave Spank Punishment
","
00:52:10
",https://bdsmstreak.com/video/61673/lesbian-slave-spank-punishment
339,"
 Caned and Tortured Girl
","
01:05:18
",https://bdsmstreak.com/video/61696/caned-and-tortured-girl
340,"
Life In The Eliteclub Part 20
","
01:44:38
",https://bdsmstreak.com/video/61695/life-in-the-eliteclub-part-20
341,"
Stockholm Syndrome
","
01:28:22
",https://bdsmstreak.com/video/61669/stockholm-syndrome
342,"
Dressage
","
00:31:16
",https://bdsmstreak.com/video/61687/dressage
343,"
Lomp S Court Case
","
00:50:38
",https://bdsmstreak.com/video/61686/lomp-s-court-case
344,"
Dr Lomp Anette S Debute
","
00:16:27
",https://bdsmstreak.com/video/61678/dr-lomp-anette-s-debute
345,"
Graias Under Lomps
","
00:33:18
",https://bdsmstreak.com/video/61681/graias-under-lomps
346,"
Outdoors Discipline
","
00:42:57
",https://bdsmstreak.com/video/61670/outdoors-discipline
347,"
Blonde's Torture
","
01:36:46
",https://bdsmstreak.com/video/61679/blonde-s-torture
348,"
150 Strokes Test - 2
","
00:39:11
",https://bdsmstreak.com/video/61668/150-strokes-test-2
349,"
Moodpictures The Milgram Experiment
","
01:28:04
",https://bdsmstreak.com/video/61700/moodpictures-the-milgram-experiment
350,"
Cruel Mistresses
","
00:10:28
",https://bdsmstreak.com/video/61674/cruel-mistresses
351,"
Caning Domme
","
00:39:02
",https://bdsmstreak.com/video/61692/caning-domme
352,"
Mood Pictures Sado Maso
","
01:14:23
",https://bdsmstreak.com/video/61690/mood-pictures-sado-maso
353,"
Schoolgirl Yuka Gets Her Palms And Butt
","
01:00:06
",https://bdsmstreak.com/video/61697/schoolgirl-yuka-gets-her-palms-and-butt
354,"
Teen Alice
","
00:14:14
",https://bdsmstreak.com/video/61680/teen-alice
355,"
Wheel Of Pain Punishemnt
","
01:05:00
",https://bdsmstreak.com/video/61698/wheel-of-pain-punishemnt
356,"
Roman Era
","
01:03:37
",https://bdsmstreak.com/video/61684/roman-era
357,"
Cute Jap Slave Whipped Caned And Paddled
","
00:42:39
",https://bdsmstreak.com/video/61683/cute-jap-slave-whipped-caned-and-paddled
358,"
Blonde Babe Tied Up And
","
00:13:33
",https://bdsmstreak.com/video/61676/blonde-babe-tied-up-and
359,"
Miss Deelight And Mistress Wretched
","
00:14:19
",https://bdsmstreak.com/video/61699/miss-deelight-and-mistress-wretched
360,"
150 Strokes Test
","
00:22:15
",https://bdsmstreak.com/video/61675/150-strokes-test
361,"
Neophobia
","
01:16:30
",https://bdsmstreak.com/video/61667/neophobia
362,"
Lady Jenny
","
00:26:23
",https://bdsmstreak.com/video/61685/lady-jenny
363,"
Femdom Wetdream Team
","
00:12:30
",https://bdsmstreak.com/video/61694/femdom-wetdream-team
364,"
Chinese Babe Spanked And Whipped On The
","
01:01:07
",https://bdsmstreak.com/video/61672/chinese-babe-spanked-and-whipped-on-the
365,"
150 Strokes
","
00:28:48
",https://bdsmstreak.com/video/61682/150-strokes
366,"
Packing Up - Femdom
","
00:25:29
",https://bdsmstreak.com/video/61688/packing-up-femdom
367,"
Lesbian Slave Spank Punishment
","
00:52:10
",https://bdsmstreak.com/video/61673/lesbian-slave-spank-punishment
368,"
Caned and Tortured Girl
","
01:05:18
",https://bdsmstreak.com/video/61696/caned-and-tortured-girl
369,"
Life In The Eliteclub Part 20
","
01:44:38
",https://bdsmstreak.com/video/61695/life-in-the-eliteclub-part-20
370,"
Stockholm Syndrome
","
01:28:22
",https://bdsmstreak.com/video/61669/stockholm-syndrome
371,"
Dressage
","
00:31:16
",https://bdsmstreak.com/video/61687/dressage
372,"
Lomp S Court Case
","
00:50:38
",https://bdsmstreak.com/video/61686/lomp-s-court-case
373,"
Dr Lomp Anette S Debute
","
00:16:27
",https://bdsmstreak.com/video/61678/dr-lomp-anette-s-debute
374,"
Graias Under Lomps
","
00:33:18
",https://bdsmstreak.com/video/61681/graias-under-lomps
375,"
Outdoors Discipline
","
00:42:57
",https://bdsmstreak.com/video/61670/outdoors-discipline
376,"
Blonde's Torture
","
01:36:46
",https://bdsmstreak.com/video/61679/blonde-s-torture
377,"
150 Strokes Test - 2
","
00:39:11
",https://bdsmstreak.com/video/61668/150-strokes-test-2
378,"
Moodpictures The Milgram Experiment
","
01:28:04
",https://bdsmstreak.com/video/61700/moodpictures-the-milgram-experiment
379,"
Cruel Mistresses
","
00:10:28
",https://bdsmstreak.com/video/61674/cruel-mistresses
380,"
Caning Domme
","
00:39:02
",https://bdsmstreak.com/video/61692/caning-domme
381,"
Mood Pictures Sado Maso
","
01:14:23
",https://bdsmstreak.com/video/61690/mood-pictures-sado-maso
382,"
Schoolgirl Yuka Gets Her Palms And Butt
","
01:00:06
",https://bdsmstreak.com/video/61697/schoolgirl-yuka-gets-her-palms-and-butt
383,"
Teen Alice
","
00:14:14
",https://bdsmstreak.com/video/61680/teen-alice
384,"
Wheel Of Pain Punishemnt
","
01:05:00
",https://bdsmstreak.com/video/61698/wheel-of-pain-punishemnt
385,"
Roman Era
","
01:03:37
",https://bdsmstreak.com/video/61684/roman-era
386,"
Cute Jap Slave Whipped Caned And Paddled
","
00:42:39
",https://bdsmstreak.com/video/61683/cute-jap-slave-whipped-caned-and-paddled
387,"
Blonde Babe Tied Up And
","
00:13:33
",https://bdsmstreak.com/video/61676/blonde-babe-tied-up-and
388,"
Miss Deelight And Mistress Wretched
","
00:14:19
",https://bdsmstreak.com/video/61699/miss-deelight-and-mistress-wretched
389,"
150 Strokes Test
","
00:22:15
",https://bdsmstreak.com/video/61675/150-strokes-test
390,"
Neophobia
","
01:16:30
",https://bdsmstreak.com/video/61667/neophobia
391,"
Lady Jenny
","
00:26:23
",https://bdsmstreak.com/video/61685/lady-jenny
392,"
Femdom Wetdream Team
","
00:12:30
",https://bdsmstreak.com/video/61694/femdom-wetdream-team
393,"
Chinese Babe Spanked And Whipped On The
","
01:01:07
",https://bdsmstreak.com/video/61672/chinese-babe-spanked-and-whipped-on-the
394,"
150 Strokes
","
00:28:48
",https://bdsmstreak.com/video/61682/150-strokes
395,"
Packing Up - Femdom
","
00:25:29
",https://bdsmstreak.com/video/61688/packing-up-femdom
396,"
Lesbian Slave Spank Punishment
","
00:52:10
",https://bdsmstreak.com/video/61673/lesbian-slave-spank-punishment
397,"
 Caned and Tortured Girl
","
01:05:18
",https://bdsmstreak.com/video/61696/caned-and-tortured-girl
398,"
Life In The Eliteclub Part 20
","
01:44:38
",https://bdsmstreak.com/video/61695/life-in-the-eliteclub-part-20
399,"
Stockholm Syndrome
","
01:28:22
",https://bdsmstreak.com/video/61669/stockholm-syndrome
400,"
Dressage
","
00:31:16
",https://bdsmstreak.com/video/61687/dressage
401,"
Lomp S Court Case
","
00:50:38
",https://bdsmstreak.com/video/61686/lomp-s-court-case
402,"
Dr Lomp Anette S Debute
","
00:16:27
",https://bdsmstreak.com/video/61678/dr-lomp-anette-s-debute
403,"
Graias Under Lomps
","
00:33:18
",https://bdsmstreak.com/video/61681/graias-under-lomps
404,"
Outdoors Discipline
","
00:42:57
",https://bdsmstreak.com/video/61670/outdoors-discipline
405,"
Blonde's Torture
","
01:36:46
",https://bdsmstreak.com/video/61679/blonde-s-torture
406,"
150 Strokes Test - 2
","
00:39:11
",https://bdsmstreak.com/video/61668/150-strokes-test-2
407,"
Moodpictures The Milgram Experiment
","
01:28:04
",https://bdsmstreak.com/video/61700/moodpictures-the-milgram-experiment
408,"
Cruel Mistresses
","
00:10:28
",https://bdsmstreak.com/video/61674/cruel-mistresses
409,"
Caning Domme
","
00:39:02
",https://bdsmstreak.com/video/61692/caning-domme
410,"
Mood Pictures Sado Maso
","
01:14:23
",https://bdsmstreak.com/video/61690/mood-pictures-sado-maso
411,"
Schoolgirl Yuka Gets Her Palms And Butt
","
01:00:06
",https://bdsmstreak.com/video/61697/schoolgirl-yuka-gets-her-palms-and-butt
412,"
Teen Alice
","
00:14:14
",https://bdsmstreak.com/video/61680/teen-alice
413,"
Wheel Of Pain Punishemnt
","
01:05:00
",https://bdsmstreak.com/video/61698/wheel-of-pain-punishemnt
414,"
Roman Era
","
01:03:37
",https://bdsmstreak.com/video/61684/roman-era
415,"
Cute Jap Slave Whipped Caned And Paddled
","
00:42:39
",https://bdsmstreak.com/video/61683/cute-jap-slave-whipped-caned-and-paddled
416,"
Blonde Babe Tied Up And
","
00:13:33
",https://bdsmstreak.com/video/61676/blonde-babe-tied-up-and
417,"
Miss Deelight And Mistress Wretched
","
00:14:19
",https://bdsmstreak.com/video/61699/miss-deelight-and-mistress-wretched
418,"
150 Strokes Test
","
00:22:15
",https://bdsmstreak.com/video/61675/150-strokes-test
419,"
Neophobia
","
01:16:30
",https://bdsmstreak.com/video/61667/neophobia
420,"
Lady Jenny
","
00:26:23
",https://bdsmstreak.com/video/61685/lady-jenny
421,"
Femdom Wetdream Team
","
00:12:30
",https://bdsmstreak.com/video/61694/femdom-wetdream-team
422,"
Chinese Babe Spanked And Whipped On The
","
01:01:07
",https://bdsmstreak.com/video/61672/chinese-babe-spanked-and-whipped-on-the
423,"
150 Strokes
","
00:28:48
",https://bdsmstreak.com/video/61682/150-strokes
424,"
Packing Up - Femdom
","
00:25:29
",https://bdsmstreak.com/video/61688/packing-up-femdom
425,"
Lesbian Slave Spank Punishment
","
00:52:10
",https://bdsmstreak.com/video/61673/lesbian-slave-spank-punishment
426,"
 Caned and Tortured Girl
","
01:05:18
",https://bdsmstreak.com/video/61696/caned-and-tortured-girl
427,"
Life In The Eliteclub Part 20
","
01:44:38
",https://bdsmstreak.com/video/61695/life-in-the-eliteclub-part-20
428,"
Stockholm Syndrome
","
01:28:22
",https://bdsmstreak.com/video/61669/stockholm-syndrome
429,"
Dressage
","
00:31:16
",https://bdsmstreak.com/video/61687/dressage
430,"
Lomp S Court Case
","
00:50:38
",https://bdsmstreak.com/video/61686/lomp-s-court-case
431,"
Dr Lomp Anette S Debute
","
00:16:27
",https://bdsmstreak.com/video/61678/dr-lomp-anette-s-debute
432,"
Graias Under Lomps
","
00:33:18
",https://bdsmstreak.com/video/61681/graias-under-lomps
433,"
Outdoors Discipline
","
00:42:57
",https://bdsmstreak.com/video/61670/outdoors-discipline
434,"
Blonde's Torture
","
01:36:46
",https://bdsmstreak.com/video/61679/blonde-s-torture
